insert into api_usertextinput (id, user_id, model_name_id, task_name_id, input_text, created_at) values (1, 1, 2, 1, 'Maecenas leo odio, condimentum id, luctus nec, molestie sed, justo. Pellentesque viverra pede ac diam. Cras pellentesque volutpat dui.

Maecenas tristique, est et tempus semper, est quam pharetra magna, ac consequat metus sapien ut nunc. Vestibulum ante ipsum primis in faucibus orci luctus et ultrices posuere cubilia Curae; Mauris viverra diam vitae quam. Suspendisse potenti.', '2023-09-16 00:59:02');
insert into api_usertextinput (id, user_id, model_name_id, task_name_id, input_text, created_at) values (2, 1, 1, 2, 'Quisque id justo sit amet sapien dignissim vestibulum. Vestibulum ante ipsum primis in faucibus orci luctus et ultrices posuere cubilia Curae; Nulla dapibus dolor vel est. Donec odio justo, sollicitudin ut, suscipit a, feugiat et, eros.', '2024-05-04 22:05:44');
insert into api_usertextinput (id, user_id, model_name_id, task_name_id, input_text, created_at) values (3, 4, 2, 1, 'Integer ac leo. Pellentesque ultrices mattis odio. Donec vitae nisi.', '2023-11-06 12:43:16');
insert into api_usertextinput (id, user_id, model_name_id, task_name_id, input_text, created_at) values (4, 4, 1, 1, 'Fusce consequat. Nulla nisl. Nunc nisl.

Duis bibendum, felis sed interdum venenatis, turpis enim blandit mi, in porttitor pede justo eu massa. Donec dapibus. Duis at velit eu est congue elementum.', '2024-02-07 08:02:27');
insert into api_usertextinput (id, user_id, model_name_id, task_name_id, input_text, created_at) values (5, 2, 1, 1, 'Morbi porttitor lorem id ligula. Suspendisse ornare consequat lectus. In est risus, auctor sed, tristique in, tempus sit amet, sem.

Fusce consequat. Nulla nisl. Nunc nisl.', '2024-04-18 07:34:08');
insert into api_usertextinput (id, user_id, model_name_id, task_name_id, input_text, created_at) values (6, 2, 3, 2, 'Proin eu mi. Nulla ac enim. In tempor, turpis nec euismod scelerisque, quam turpis adipiscing lorem, vitae mattis nibh ligula nec sem.', '2023-08-25 03:24:21');
insert into api_usertextinput (id, user_id, model_name_id, task_name_id, input_text, created_at) values (7, 3, 2, 3, 'Cum sociis natoque penatibus et magnis dis parturient montes, nascetur ridiculus mus. Vivamus vestibulum sagittis sapien. Cum sociis natoque penatibus et magnis dis parturient montes, nascetur ridiculus mus.', '2023-12-17 01:48:20');
insert into api_usertextinput (id, user_id, model_name_id, task_name_id, input_text, created_at) values (8, 3, 3, 1, 'In quis justo. Maecenas rhoncus aliquam lacus. Morbi quis tortor id nulla ultrices aliquet.

Maecenas leo odio, condimentum id, luctus nec, molestie sed, justo. Pellentesque viverra pede ac diam. Cras pellentesque volutpat dui.', '2024-01-18 09:49:23');
insert into api_usertextinput (id, user_id, model_name_id, task_name_id, input_text, created_at) values (9, 1, 1, 2, 'Phasellus in felis. Donec semper sapien a libero. Nam dui.

Proin leo odio, porttitor id, consequat in, consequat ut, nulla. Sed accumsan felis. Ut at dolor quis odio consequat varius.', '2024-01-03 19:40:49');
insert into api_usertextinput (id, user_id, model_name_id, task_name_id, input_text, created_at) values (10, 5, 1, 3, 'Integer ac leo. Pellentesque ultrices mattis odio. Donec vitae nisi.', '2023-11-12 11:05:44');
insert into api_usertextinput (id, user_id, model_name_id, task_name_id, input_text, created_at) values (11, 1, 3, 2, 'Nam ultrices, libero non mattis pulvinar, nulla pede ullamcorper augue, a suscipit nulla elit ac nulla. Sed vel enim sit amet nunc viverra dapibus. Nulla suscipit ligula in lacus.

Curabitur at ipsum ac tellus semper interdum. Mauris ullamcorper purus sit amet nulla. Quisque arcu libero, rutrum ac, lobortis vel, dapibus at, diam.', '2024-04-28 21:04:59');
insert into api_usertextinput (id, user_id, model_name_id, task_name_id, input_text, created_at) values (12, 3, 1, 3, 'Proin interdum mauris non ligula pellentesque ultrices. Phasellus id sapien in sapien iaculis congue. Vivamus metus arcu, adipiscing molestie, hendrerit at, vulputate vitae, nisl.', '2023-12-08 09:58:01');
insert into api_usertextinput (id, user_id, model_name_id, task_name_id, input_text, created_at) values (13, 4, 1, 3, 'Maecenas leo odio, condimentum id, luctus nec, molestie sed, justo. Pellentesque viverra pede ac diam. Cras pellentesque volutpat dui.

Maecenas tristique, est et tempus semper, est quam pharetra magna, ac consequat metus sapien ut nunc. Vestibulum ante ipsum primis in faucibus orci luctus et ultrices posuere cubilia Curae; Mauris viverra diam vitae quam. Suspendisse potenti.', '2023-09-20 07:32:09');
insert into api_usertextinput (id, user_id, model_name_id, task_name_id, input_text, created_at) values (14, 2, 1, 3, 'Lorem ipsum dolor sit amet, consectetuer adipiscing elit. Proin risus. Praesent lectus.

Vestibulum quam sapien, varius ut, blandit non, interdum in, ante. Vestibulum ante ipsum primis in faucibus orci luctus et ultrices posuere cubilia Curae; Duis faucibus accumsan odio. Curabitur convallis.', '2023-11-20 07:47:51');
insert into api_usertextinput (id, user_id, model_name_id, task_name_id, input_text, created_at) values (15, 3, 1, 1, 'Integer ac leo. Pellentesque ultrices mattis odio. Donec vitae nisi.

Nam ultrices, libero non mattis pulvinar, nulla pede ullamcorper augue, a suscipit nulla elit ac nulla. Sed vel enim sit amet nunc viverra dapibus. Nulla suscipit ligula in lacus.', '2023-12-16 04:47:09');
insert into api_usertextinput (id, user_id, model_name_id, task_name_id, input_text, created_at) values (16, 4, 1, 2, 'Phasellus in felis. Donec semper sapien a libero. Nam dui.

Proin leo odio, porttitor id, consequat in, consequat ut, nulla. Sed accumsan felis. Ut at dolor quis odio consequat varius.', '2023-10-08 11:12:38');
insert into api_usertextinput (id, user_id, model_name_id, task_name_id, input_text, created_at) values (17, 1, 2, 2, 'In hac habitasse platea dictumst. Etiam faucibus cursus urna. Ut tellus.

Nulla ut erat id mauris vulputate elementum. Nullam varius. Nulla facilisi.', '2024-03-20 18:00:21');
insert into api_usertextinput (id, user_id, model_name_id, task_name_id, input_text, created_at) values (18, 2, 3, 2, 'In sagittis dui vel nisl. Duis ac nibh. Fusce lacus purus, aliquet at, feugiat non, pretium quis, lectus.', '2024-04-15 15:23:17');
insert into api_usertextinput (id, user_id, model_name_id, task_name_id, input_text, created_at) values (19, 4, 3, 3, 'Pellentesque at nulla. Suspendisse potenti. Cras in purus eu magna vulputate luctus.', '2023-09-29 09:58:40');
insert into api_usertextinput (id, user_id, model_name_id, task_name_id, input_text, created_at) values (20, 5, 2, 1, 'Cras mi pede, malesuada in, imperdiet et, commodo vulputate, justo. In blandit ultrices enim. Lorem ipsum dolor sit amet, consectetuer adipiscing elit.', '2023-07-10 06:39:02');


insert into api_modelname (id, title) values (1, 'model1');
insert into api_modelname (id, title) values (2, 'model2');
insert into api_modelname (id, title) values (3, 'model3');

insert into api_taskname (id, title) values (1, 'task1');
insert into api_taskname (id, title) values (2, 'task2');
insert into api_taskname (id, title) values (3, 'task3');

insert into api_defineduser (id, username, email, password) values (1, 'Letitia', 'lochterlony0@yellowpages.com', 'tZ5."P#K~U');
insert into api_defineduser (id, username, email, password) values (2, 'Karlene', 'kebhardt1@marriott.com', 'nY4!Jz}Z8c');
insert into api_defineduser (id, username, email, password) values (3, 'Nolan', 'npettyfer2@shareasale.com', 'uE3#''=s)|DKNX5');
insert into api_defineduser (id, username, email, password) values (4, 'Domeniga', 'divanitsa3@360.cn', 'rK5#*Y>p/ZFFTS');
insert into api_defineduser (id, username, email, password) values (5, 'Roy', 'rgianelli4@hud.gov', 'hW0,OyU0~c\q');